{
  "results": [
    {
      "command": "/home/max/Documents/dev/pypy-git/pypy/goal/pypy3.10-c ffibench.py",
      "mean": 0.06592247480000002,
      "stddev": 0.0006561685041903061,
      "median": 0.06603570650000001,
      "user": 0.051489379999999994,
      "system": 0.01437484,
      "min": 0.06469292550000001,
      "max": 0.06698611850000001,
      "times": [
        0.06590432950000001,
        0.06534757850000002,
        0.06698611850000001,
        0.06629552150000001,
        0.06572644750000001,
        0.06624911550000001,
        0.06540014250000001,
        0.06469292550000001,
        0.06645548550000001,
        0.06616708350000002
      ],
      "exit_codes": [
        0,
        0,
        0,
        0,
        0,
        0,
        0,
        0,
        0,
        0
      ],
      "parameters": {
        "runtime": "/home/max/Documents/dev/pypy-git/pypy/goal/pypy3.10-c"
      }
    },
    {
      "command": "pypy3.8 ffibench.py",
      "mean": 1.5281520814,
      "stddev": 0.05790373025328565,
      "median": 1.5165818585,
      "user": 1.51067918,
      "system": 0.01695044,
      "min": 1.4438144005,
      "max": 1.6415375455,
      "times": [
        1.6415375455,
        1.5672379485,
        1.5066032065000001,
        1.5029655045,
        1.4438144005,
        1.5085500495,
        1.5246136675,
        1.5353063545,
        1.4657909825,
        1.5851011545
      ],
      "exit_codes": [
        0,
        0,
        0,
        0,
        0,
        0,
        0,
        0,
        0,
        0
      ],
      "parameters": {
        "runtime": "pypy3.8"
      }
    },
    {
      "command": "python3.8 ffibench.py",
      "mean": 0.7232909161000001,
      "stddev": 0.020844813991915727,
      "median": 0.72312949,
      "user": 0.7206544799999999,
      "system": 0.0026472239999999997,
      "min": 0.6943389835000001,
      "max": 0.7464221075,
      "times": [
        0.7003421665,
        0.7299423505000001,
        0.7464221075,
        0.7453358375000001,
        0.6990726845,
        0.7393645755000001,
        0.7155327525,
        0.7462410735000001,
        0.7163166295000001,
        0.6943389835000001
      ],
      "exit_codes": [
        0,
        0,
        0,
        0,
        0,
        0,
        0,
        0,
        0,
        0
      ],
      "parameters": {
        "runtime": "python3.8"
      }
    },
    {
      "command": "python3.10 ffibench.py",
      "mean": 0.7012477216,
      "stddev": 0.03031358825199241,
      "median": 0.6882149255000001,
      "user": 0.6991580799999999,
      "system": 0.00213842,
      "min": 0.6743825625000001,
      "max": 0.7593928005000001,
      "times": [
        0.6864426775000001,
        0.7026534915000001,
        0.6743825625000001,
        0.7492998645000001,
        0.6899871735,
        0.6819346345,
        0.6756012645000001,
        0.7593928005000001,
        0.7111011915000001,
        0.6816815555000001
      ],
      "exit_codes": [
        0,
        0,
        0,
        0,
        0,
        0,
        0,
        0,
        0,
        0
      ],
      "parameters": {
        "runtime": "python3.10"
      }
    },
    {
      "command": "python3.11 ffibench.py",
      "mean": 0.654937328,
      "stddev": 0.03969267708099733,
      "median": 0.6383187030000002,
      "user": 0.6508488800000001,
      "system": 0.0040704320000000006,
      "min": 0.6212798245000001,
      "max": 0.7469409985000001,
      "times": [
        0.6947910685,
        0.6303278095000001,
        0.6272043805,
        0.6212798245000001,
        0.6394782975000001,
        0.7469409985000001,
        0.6371591085000001,
        0.6339234605,
        0.6420000925000001,
        0.6762682395
      ],
      "exit_codes": [
        0,
        0,
        0,
        0,
        0,
        0,
        0,
        0,
        0,
        0
      ],
      "parameters": {
        "runtime": "python3.11"
      }
    },
    {
      "command": "python3.12 ffibench.py",
      "mean": 0.3614884923,
      "stddev": 0.012272385024115541,
      "median": 0.3555002275,
      "user": 0.35844408000000005,
      "system": 0.0030675239999999994,
      "min": 0.3508565745,
      "max": 0.3859230635,
      "times": [
        0.3859230635,
        0.3621106325,
        0.3525142105,
        0.3516800425,
        0.3550589025,
        0.3508565745,
        0.3526253155,
        0.3743717185,
        0.3559415525,
        0.37380291050000003
      ],
      "exit_codes": [
        0,
        0,
        0,
        0,
        0,
        0,
        0,
        0,
        0,
        0
      ],
      "parameters": {
        "runtime": "python3.12"
      }
    },
    {
      "command": "python3.13 ffibench.py",
      "mean": 0.46089246400000006,
      "stddev": 0.00988136551954791,
      "median": 0.4620032605,
      "user": 0.45909488,
      "system": 0.0018418239999999995,
      "min": 0.4470710905,
      "max": 0.4798572075,
      "times": [
        0.4562270035,
        0.4624425615,
        0.4470710905,
        0.4798572075,
        0.46207530550000003,
        0.4619312155,
        0.4514684015,
        0.4637088505,
        0.4520239175,
        0.4721190865
      ],
      "exit_codes": [
        0,
        0,
        0,
        0,
        0,
        0,
        0,
        0,
        0,
        0
      ],
      "parameters": {
        "runtime": "python3.13"
      }
    }
  ]
}
